{"cameraMode":{"drawMode":0,"name":"Shaded","section":"Shading Mode"},"sceneLighting":true,"audioPlay":false,"sceneViewState":{"m_AlwaysRefresh":false,"showFog":true,"showSkybox":true,"showFlares":true,"showImageEffects":true,"showParticleSystems":true,"showVisualEffectGraphs":true,"m_FxEnabled":true},"in2DMode":false,"pivot":{"x":1.4147876501083375,"y":2.4593305587768556,"z":7.2529144287109379},"rotation":{"x":0.31258025765419009,"y":-0.010879606939852238,"z":0.003749961731955409,"w":0.950209379196167},"size":13.689779281616211,"orthographic":false}