{"cameraMode":{"drawMode":0,"name":"Shaded","section":"Shading Mode"},"sceneLighting":false,"audioPlay":false,"sceneViewState":{"m_AlwaysRefresh":false,"showFog":true,"showSkybox":false,"showFlares":true,"showImageEffects":true,"showParticleSystems":true,"showVisualEffectGraphs":true,"m_FxEnabled":true},"in2DMode":false,"pivot":{"x":-0.908206045627594,"y":4.8071465492248539,"z":0.5872024893760681},"rotation":{"x":0.01619846373796463,"y":-0.006731345318257809,"z":-0.0023205301258713009,"w":-1.0010921955108643},"size":3.9625492095947267,"orthographic":false}